--
-- PostgreSQL database dump
--

\restrict cFFmpoZilybRoQEZafsAruGoEdZCTyPFmQAXrE3c7jcMlqhJw6MCjG4Zcq0XD2Q

-- Dumped from database version 16.13
-- Dumped by pg_dump version 16.13

-- Started on 2026-03-04 22:56:36

SET statement_timeout = 0;
SET lock_timeout = 0;
SET idle_in_transaction_session_timeout = 0;
SET client_encoding = 'UTF8';
SET standard_conforming_strings = on;
SELECT pg_catalog.set_config('search_path', '', false);
SET check_function_bodies = false;
SET xmloption = content;
SET client_min_messages = warning;
SET row_security = off;

SET default_tablespace = '';

SET default_table_access_method = heap;

--
-- TOC entry 217 (class 1259 OID 16469)
-- Name: Books; Type: TABLE; Schema: public; Owner: postgres
--

CREATE TABLE public."Books" (
    "Id" integer NOT NULL,
    "Title" text NOT NULL,
    "Author" text NOT NULL,
    "Genre" text,
    "YearPublished" integer NOT NULL,
    "AvailableCopies" integer NOT NULL
);


ALTER TABLE public."Books" OWNER TO postgres;

--
-- TOC entry 216 (class 1259 OID 16468)
-- Name: Books_Id_seq; Type: SEQUENCE; Schema: public; Owner: postgres
--

ALTER TABLE public."Books" ALTER COLUMN "Id" ADD GENERATED BY DEFAULT AS IDENTITY (
    SEQUENCE NAME public."Books_Id_seq"
    START WITH 1
    INCREMENT BY 1
    NO MINVALUE
    NO MAXVALUE
    CACHE 1
);


--
-- TOC entry 221 (class 1259 OID 16485)
-- Name: Loans; Type: TABLE; Schema: public; Owner: postgres
--

CREATE TABLE public."Loans" (
    "Id" integer NOT NULL,
    "BookId" integer NOT NULL,
    "MemberId" integer NOT NULL,
    "LoanDate" timestamp with time zone NOT NULL,
    "DueDate" timestamp with time zone NOT NULL,
    "Returned" boolean NOT NULL
);


ALTER TABLE public."Loans" OWNER TO postgres;

--
-- TOC entry 220 (class 1259 OID 16484)
-- Name: Loans_Id_seq; Type: SEQUENCE; Schema: public; Owner: postgres
--

ALTER TABLE public."Loans" ALTER COLUMN "Id" ADD GENERATED BY DEFAULT AS IDENTITY (
    SEQUENCE NAME public."Loans_Id_seq"
    START WITH 1
    INCREMENT BY 1
    NO MINVALUE
    NO MAXVALUE
    CACHE 1
);


--
-- TOC entry 219 (class 1259 OID 16477)
-- Name: Members; Type: TABLE; Schema: public; Owner: postgres
--

CREATE TABLE public."Members" (
    "Id" integer NOT NULL,
    "Name" text NOT NULL,
    "Email" text NOT NULL,
    "JoinDate" timestamp with time zone NOT NULL
);


ALTER TABLE public."Members" OWNER TO postgres;

--
-- TOC entry 218 (class 1259 OID 16476)
-- Name: Members_Id_seq; Type: SEQUENCE; Schema: public; Owner: postgres
--

ALTER TABLE public."Members" ALTER COLUMN "Id" ADD GENERATED BY DEFAULT AS IDENTITY (
    SEQUENCE NAME public."Members_Id_seq"
    START WITH 1
    INCREMENT BY 1
    NO MINVALUE
    NO MAXVALUE
    CACHE 1
);


--
-- TOC entry 215 (class 1259 OID 16463)
-- Name: __EFMigrationsHistory; Type: TABLE; Schema: public; Owner: postgres
--

CREATE TABLE public."__EFMigrationsHistory" (
    "MigrationId" character varying(150) NOT NULL,
    "ProductVersion" character varying(32) NOT NULL
);


ALTER TABLE public."__EFMigrationsHistory" OWNER TO postgres;

--
-- TOC entry 4906 (class 0 OID 16469)
-- Dependencies: 217
-- Data for Name: Books; Type: TABLE DATA; Schema: public; Owner: postgres
--

COPY public."Books" ("Id", "Title", "Author", "Genre", "YearPublished", "AvailableCopies") FROM stdin;
3	To Kill a Mockingbird	Harper Lee	Fiction	1960	3
4	The Great Gatsby	F. Scott Fitzgerald	Classic	1925	2
7	Sapiens	Yuval Noah Harari	History	2011	5
8	The Catcher in the Rye	J.D. Salinger	Classic	1951	4
9	Atomic Habits	James Clear	Self-Help	2018	7
10	The Name of the Wind	Patrick Rothfuss	Fantasy	2007	3
6	The Alchemist	Paulo Coelho	Philosophical Fiction	1988	5
1	The Hobbit	J.R.R. Tolkien	Fantasy	1937	4
11	1984	George Orwell	Dystopian	1949	3
5	Moby Dick	Herman Melville	Adventure	1851	3
\.


--
-- TOC entry 4910 (class 0 OID 16485)
-- Dependencies: 221
-- Data for Name: Loans; Type: TABLE DATA; Schema: public; Owner: postgres
--

COPY public."Loans" ("Id", "BookId", "MemberId", "LoanDate", "DueDate", "Returned") FROM stdin;
1	1	1	2026-03-04 18:06:27.342279+05:30	2026-03-18 18:06:27.342471+05:30	t
3	6	4	2026-03-04 18:33:18.175815+05:30	2026-03-18 18:33:18.175815+05:30	f
4	1	2	2026-03-04 20:51:24.403331+05:30	2026-03-18 20:51:24.403332+05:30	f
5	11	1	2026-03-04 21:20:36.372091+05:30	2026-03-18 21:20:36.372092+05:30	f
2	5	3	2026-03-04 18:33:01.595208+05:30	2026-03-18 18:33:01.595209+05:30	t
\.


--
-- TOC entry 4908 (class 0 OID 16477)
-- Dependencies: 219
-- Data for Name: Members; Type: TABLE DATA; Schema: public; Owner: postgres
--

COPY public."Members" ("Id", "Name", "Email", "JoinDate") FROM stdin;
1	Mark A	mark@email.com	2026-03-04 17:57:18.885648+05:30
2	Alice Johnson	alice.johnson@email.com	2026-03-04 18:31:34.992052+05:30
3	Rahul Mehta	rahul.mehta@email.com	2026-03-04 18:31:48.82428+05:30
5	Daniel Kim	daniel.kim@email.com	2026-03-04 18:32:01.612048+05:30
4	Sophia William	sophia.william@email.com	2026-03-04 18:31:55.398596+05:30
\.


--
-- TOC entry 4904 (class 0 OID 16463)
-- Dependencies: 215
-- Data for Name: __EFMigrationsHistory; Type: TABLE DATA; Schema: public; Owner: postgres
--

COPY public."__EFMigrationsHistory" ("MigrationId", "ProductVersion") FROM stdin;
20260304120152_InitialCreate	10.0.3
\.


--
-- TOC entry 4916 (class 0 OID 0)
-- Dependencies: 216
-- Name: Books_Id_seq; Type: SEQUENCE SET; Schema: public; Owner: postgres
--

SELECT pg_catalog.setval('public."Books_Id_seq"', 11, true);


--
-- TOC entry 4917 (class 0 OID 0)
-- Dependencies: 220
-- Name: Loans_Id_seq; Type: SEQUENCE SET; Schema: public; Owner: postgres
--

SELECT pg_catalog.setval('public."Loans_Id_seq"', 5, true);


--
-- TOC entry 4918 (class 0 OID 0)
-- Dependencies: 218
-- Name: Members_Id_seq; Type: SEQUENCE SET; Schema: public; Owner: postgres
--

SELECT pg_catalog.setval('public."Members_Id_seq"', 5, true);


--
-- TOC entry 4752 (class 2606 OID 16475)
-- Name: Books PK_Books; Type: CONSTRAINT; Schema: public; Owner: postgres
--

ALTER TABLE ONLY public."Books"
    ADD CONSTRAINT "PK_Books" PRIMARY KEY ("Id");


--
-- TOC entry 4758 (class 2606 OID 16489)
-- Name: Loans PK_Loans; Type: CONSTRAINT; Schema: public; Owner: postgres
--

ALTER TABLE ONLY public."Loans"
    ADD CONSTRAINT "PK_Loans" PRIMARY KEY ("Id");


--
-- TOC entry 4754 (class 2606 OID 16483)
-- Name: Members PK_Members; Type: CONSTRAINT; Schema: public; Owner: postgres
--

ALTER TABLE ONLY public."Members"
    ADD CONSTRAINT "PK_Members" PRIMARY KEY ("Id");


--
-- TOC entry 4750 (class 2606 OID 16467)
-- Name: __EFMigrationsHistory PK___EFMigrationsHistory; Type: CONSTRAINT; Schema: public; Owner: postgres
--

ALTER TABLE ONLY public."__EFMigrationsHistory"
    ADD CONSTRAINT "PK___EFMigrationsHistory" PRIMARY KEY ("MigrationId");


--
-- TOC entry 4755 (class 1259 OID 16500)
-- Name: IX_Loans_BookId; Type: INDEX; Schema: public; Owner: postgres
--

CREATE INDEX "IX_Loans_BookId" ON public."Loans" USING btree ("BookId");


--
-- TOC entry 4756 (class 1259 OID 16501)
-- Name: IX_Loans_MemberId; Type: INDEX; Schema: public; Owner: postgres
--

CREATE INDEX "IX_Loans_MemberId" ON public."Loans" USING btree ("MemberId");


--
-- TOC entry 4759 (class 2606 OID 16490)
-- Name: Loans FK_Loans_Books_BookId; Type: FK CONSTRAINT; Schema: public; Owner: postgres
--

ALTER TABLE ONLY public."Loans"
    ADD CONSTRAINT "FK_Loans_Books_BookId" FOREIGN KEY ("BookId") REFERENCES public."Books"("Id") ON DELETE CASCADE;


--
-- TOC entry 4760 (class 2606 OID 16495)
-- Name: Loans FK_Loans_Members_MemberId; Type: FK CONSTRAINT; Schema: public; Owner: postgres
--

ALTER TABLE ONLY public."Loans"
    ADD CONSTRAINT "FK_Loans_Members_MemberId" FOREIGN KEY ("MemberId") REFERENCES public."Members"("Id") ON DELETE CASCADE;


-- Completed on 2026-03-04 22:56:37

--
-- PostgreSQL database dump complete
--

\unrestrict cFFmpoZilybRoQEZafsAruGoEdZCTyPFmQAXrE3c7jcMlqhJw6MCjG4Zcq0XD2Q

